Acurácia,Precisão (macro),Revocação (macro),F1-Score (macro)
0.836,0.43073862908315336,0.2059438775510204,0.2606558121579581
